name,public_positioning,offer_observed,source_ids,hypothesis_to_test,revenue,conversion,retention
Trainer Winny,illustrated education,programs,"Y01,M01",Recognizable host and specific goal products,unknown,unknown,unknown
PictureFit,concise illustrated explainers,Join option observed,Y02,Test clarity and public correction habits,unknown,unknown,unknown
House of Hypertrophy,research explanation,not established from inspected header,Y03,Depth and study comparison,unknown,unknown,unknown
Jeff Nippard,presenter education,programs and software links,"Y04,M02","Authority, demonstrations, useful product selection",unknown,unknown,unknown
Renaissance Periodization,expert personalities,app and membership,"Y05,M03",Ongoing application and additional depth,unknown,unknown,unknown
MASS,research interpretation,research subscription,M04,A recurring information job with specialist expectations,unknown,unknown,unknown
Boostcamp,training utility,free alternatives visible,M05,Generic tracking and programs face free substitutes,unknown,unknown,unknown
Stronger by Science,research and programs,free program bundle observed,M07,A paid toolkit must add value beyond a plan,unknown,unknown,unknown
Built With Science,education and product funnel,"app, coaching, cookbook navigation",M08,Different offers for different levels of help,unknown,unknown,unknown
Hypertrophy Coach,coach-led service,monthly coaching membership,M09,Human responses are part of the paid promise,unknown,unknown,unknown
Mind Pump,education and programs,goal-specific programs and bundles,M10,Recurring media can promote one-time products,unknown,unknown,unknown
